<?xml version="1.0" encoding="UTF-8"?>
<component name="LanguageInjectionConfiguration">
  <injection language="SQLite" injector-id="js">
    <display-name>HTML5 SQL Database (SQLite)</display-name>
    <place><![CDATA[jsLiteral().and(jsArgument("executeSql", 0))]]></place>
  </injection>
  <injection language="SQLite" injector-id="js">
    <display-name>flash.data (SQLite)</display-name>
    <place><![CDATA[jsLiteral().and(asAssignedValue("text", "flash.data.SQLStatement"))]]></place>
    <place><![CDATA[jsLiteral().and(asAssignedValue("text", "*", "dbStatement"))]]></place>
  </injection>
  <injection language="SQL" injector-id="js">
    <display-name>SQL tagged string</display-name>
    <templateTag>sql</templateTag>
  </injection>
  <injection language="JSUnicodeRegexp" injector-id="js">
    <display-name>Regexp constructor with Unicode flag</display-name>
    <place><![CDATA[jsArgument("RegExp", 0).withSuperParent(2, jsCallExpression().withArgument(jsLiteral().withText(hasUnicodeRegexpFlag()), 1))]]></place>
  </injection>
  <injection language="JSRegexp" injector-id="js">
    <display-name>Regexp constructor</display-name>
    <place><![CDATA[jsArgument("RegExp", 0)]]></place>
  </injection>
  <injection language="JavaScript" injector-id="js">
    <display-name>JavaScript in 'setTimeout'</display-name>
    <place><![CDATA[jsLiteralExpression(jsArgument(jsReferenceExpression().withQualifiedName("setTimeout"), 0))]]></place>
    <place><![CDATA[jsLiteralExpression(jsArgument(jsReferenceExpression().withQualifiedName("window.setTimeout"), 0))]]></place>
  </injection>
  <injection language="JavaScript" injector-id="js">
    <display-name>JavaScript in 'setInterval'</display-name>
    <place><![CDATA[jsLiteralExpression(jsArgument(jsReferenceExpression().withQualifiedName("setInterval"), 0))]]></place>
    <place><![CDATA[jsLiteralExpression(jsArgument(jsReferenceExpression().withQualifiedName("window.setInterval"), 0))]]></place>
  </injection>
  <injection language="JavaScript" injector-id="js">
    <display-name>JavaScript in 'eval'</display-name>
    <place><![CDATA[jsLiteralExpression(jsArgument(jsReferenceExpression().withQualifiedName("eval"), 0))]]></place>
  </injection>

  <!--Order is important. These element-text-based are less specific than those that check for specific method call, so should be below -->
  <!-- SQL patterns are split to have quicker dk.brics.automaton.Automaton built -->
  <injection language="TSQL" injector-id="js">
    <display-name>Transact-SQL declare</display-name>
    <place><![CDATA[jsLiteral().withStringValueIgnoringInterpolations(stringMatchesBrics(" *DECLARE +\\@.*"))]]></place>
  </injection>
  <injection language="SQL" injector-id="js">
    <display-name>SQL with</display-name>
    <place><![CDATA[
        jsLiteral().withStringValueIgnoringInterpolations(stringMatchesBrics(" *WITH .+ AS *\\(.+"))
        ]]></place>
  </injection>
  <injection language="SQL" injector-id="js">
    <display-name>SQL select/delete</display-name>
    <place><![CDATA[
        jsLiteral().withStringValueIgnoringInterpolations(stringMatchesBrics(" *(SELECT|DELETE) .*FROM .*"))
        ]]></place>
  </injection>
  <injection language="SQL" injector-id="js">
    <display-name>SQL insert/replace</display-name>
    <place><![CDATA[
        jsLiteral().withStringValueIgnoringInterpolations(stringMatchesBrics(" *(INSERT|REPLACE) .*INTO .*"))
        ]]></place>
  </injection>
  <injection language="SQL" injector-id="js">
    <display-name>SQL update</display-name>
    <place><![CDATA[
        jsLiteral().withStringValueIgnoringInterpolations(stringMatchesBrics(" *UPDATE .* SET .*"))
        ]]></place>
  </injection>
  <injection language="SQL" injector-id="js">
    <display-name>SQL create</display-name>
    <place><![CDATA[
      jsLiteral().withStringValueIgnoringInterpolations(
        stringMatchesBrics(" *(CREATE|DROP|ALTER) +((TEMPORARY )?TABLE|(UNIQUE )?INDEX) .*"))
      ]]></place>
  </injection>
  <injection language="CSS" injector-id="js">
    <display-name>CSS colors</display-name>
    <place><![CDATA[isCssColorLikeText()]]></place>
    <prefix>div { color:</prefix>
    <suffix>;}</suffix>
  </injection>
  <injection language="CSS" injector-id="js" is-formattable="false">
    <display-name>DOM element selectors</display-name>
    <place><![CDATA[jsArgument(jsReferenceExpression().withReferenceNames("querySelector", "querySelectorAll", "closest"), 0)]]></place>
  </injection>

  <injection language="HTML" injector-id="js">
    <display-name>HTML template literal</display-name>
    <place><![CDATA[taggedString("html")]]></place>
    <templateTag>html</templateTag>
  </injection>
  <!-- Order is important. This text-based injection should be above JQuery-CSS because $("<div></div>") is valid jquery expression-->
  <injection language="HTML" injector-id="js" suppress-all-errors="true"
             supports-concatenation="true" is-formattable="false" priority="Low">
    <display-name>HTML in JS strings</display-name>
    <place><![CDATA[isHtmlLikeText()]]></place>
  </injection>
  <injection language="JavaScript" injector-id="js" suppress-all-errors="true"
             supports-concatenation="true" is-formattable="false" priority="Low">
    <display-name>React JSX in JS strings</display-name>
    <place><![CDATA[isReactJSXLikeText()]]></place>
  </injection>
  <injection language="JQuery-CSS" injector-id="js" priority="Low">
    <display-name>JQuery selectors</display-name>
    <place><![CDATA[jqueryArgument()]]></place>
    <suffix>{}</suffix>
  </injection>
</component>
