<idea-plugin package="com.intellij.aqua.runners.cypress">

  <dependencies>
    <module name="intellij.aqua.runners.js.core"/>
    <module name="intellij.sh.terminal"/>
  </dependencies>

  <extensions defaultExtensionNs="com.intellij">
    <configurationType implementation="com.intellij.aqua.runners.cypress.CypressConfigurationType"/>
    <runConfigurationProducer implementation="com.intellij.aqua.runners.cypress.CypressRunConfigurationProducer"/>
    <programRunner id="cypress.run.program.runner" implementation="com.intellij.aqua.runners.cypress.CypressRunProgramRunner"/>
  </extensions>

  <actions resource-bundle="messages.AquaRunnersCypress">
    <action id="CypressOpen"
            class="com.intellij.aqua.runners.cypress.actions.CypressOpenAction"
            icon="com.intellij.aqua.runners.cypress.AquaRunnersCypressIcons.Cypress_20x20">
      <keyboard-shortcut first-keystroke="control meta CLOSE_BRACKET" keymap="Mac OS X 10.5+"/>
    </action>
  </actions>
</idea-plugin>