<idea-plugin package="com.intellij.lang.javascript.nashorn">
  <extensions defaultExtensionNs="com.intellij">
    <useScopeOptimizer implementation="com.intellij.lang.javascript.nashorn.resolve.NashornJSScopeOptimizer"/>
  </extensions>

  <extensions defaultExtensionNs="JavaScript">
    <dialectSpecificHandlersFactory language="Nashorn JS"
                                    implementationClass="com.intellij.lang.javascript.nashorn.NashornJSSpecificHandlersFactory"/>
    <completionHelper implementation="com.intellij.lang.javascript.nashorn.completion.NashornJSCompletionHelper"/>
    <frameworkIndexingHandler implementation="com.intellij.lang.javascript.nashorn.resolve.NashornJSTypeEvaluatorHelper" version="1"/>
    <predefinedLibraryProvider implementation="com.intellij.lang.javascript.nashorn.library.NashornJSLibraryProvider"/>
  </extensions>
</idea-plugin>