<idea-plugin package="com.intellij.aqua.runners.playwright.js">

  <dependencies>
    <module name="intellij.aqua.runners.js.core"/>
  </dependencies>

  <projectListeners>

  </projectListeners>

  <extensionPoints>
  </extensionPoints>

  <extensions defaultExtensionNs="com.intellij">
    <configurationType implementation="com.intellij.aqua.runners.playwright.js.PlaywrightConfigurationType"/>
    <runConfigurationProducer implementation="com.intellij.aqua.runners.playwright.js.PlaywrightRunConfigurationProducer"/>
    <executor implementation="com.intellij.aqua.runners.playwright.js.ModifyConfigExecutor"/>

    <backgroundPostStartupActivity
      implementation="com.intellij.aqua.runners.playwright.js.duration.TestDurationInlayService$TestDurationInlayServiceFileListenerInstaller"/>
  </extensions>

  <actions resource-bundle="messages.AquaRunnersPlaywright">
    <!--suppress PluginXmlCapitalization -->
    <action id="Playwright.ModifyConfigFile"
            class="com.intellij.aqua.runners.playwright.js.ModifyPlaywrightConfigFileAction"
            icon="AllIcons.General.Settings"/>
  </actions>
</idea-plugin>
