<idea-plugin>
  <depends>com.intellij.css</depends>
  <extensionPoints>
    <!--suppress PluginXmlValidity -->
    <extensionPoint qualifiedName="com.intellij.javascript.webTypes"
                    beanClass="com.intellij.javascript.webSymbols.WebTypesDefinitionsEP"
                    dynamic="true"/>
  </extensionPoints>
  <extensions defaultExtensionNs="JavaScript">
    <frameworkSpecificHandler language="" implementationClass="com.intellij.javascript.webSymbols.WebTypesJSFrameworkSpecificHandler"/>
    <frameworkSpecificHandler language="JavaScript"
                              implementationClass="com.intellij.javascript.webSymbols.types.JSWebSymbolsFrameworkSpecificHandler"/>
    <frameworkIndexingHandler implementation="com.intellij.javascript.webSymbols.types.JSWebSymbolsFrameworkIndexingHandler" version="0"/>
  </extensions>
  <extensions defaultExtensionNs="com.intellij">
    <postStartupActivity implementation="com.intellij.javascript.webSymbols.nodejs.PackageJsonWebSymbolsRegistryManagerStartup"/>

    <webSymbols.queryConfigurator
      implementation="com.intellij.javascript.webSymbols.nodejs.PackageJsonWebSymbolsRegistryManager$NodeJSWebSymbolsQueryConfigurator"
      order="first" id="node.js"/>

    <webSymbols.contextSourceProximityProvider
      implementation="com.intellij.javascript.webSymbols.JSWebSymbolIdeLibraryProvider"
      id="js.ide-libs"/>
    <webSymbols.contextSourceProximityProvider
      implementation="com.intellij.javascript.webSymbols.nodejs.PackageJsonContextProvider"
      id="js.nodejs-dep"/>
    <webSymbols.contextSourceProximityProvider
      implementation="com.intellij.javascript.webSymbols.nodejs.NodeJsProjectToolContextProvider"
      id="js.nodejs-tool"/>

    <webSymbols.psiSourcedSymbol host="com.intellij.lang.javascript.psi.JSElement"/>
    <webSymbols.documentationCustomizer
      implementation="com.intellij.javascript.webSymbols.documentation.JSWebSymbolDocumentationCustomizer"/>
    <webSymbols.codeCompletionItemCustomizer
      implementation="com.intellij.javascript.webSymbols.codeCompletion.JSWebSymbolCodeCompletionItemCustomizer"/>

    <webSymbols.webTypes.symbolTypeSupportFactory
      syntax="typescript"
      implementation="com.intellij.javascript.webSymbols.types.WebTypesSymbolTypeSupportFactory"
    />
    <webSymbols.highlightInLanguage language="JavaScript"/>

    <completion.contributor
      id="JSWebSymbolStringLiteralsCompletionContributor"
      language="JavaScript"
      implementationClass="com.intellij.javascript.webSymbols.codeCompletion.JSWebSymbolStringLiteralsCompletionContributor"
      order="before JSCompletionContributor, before JSPatternBasedCompletionContributor"
    />
    <completion.contributor
      id="JSWebSymbolSymbolsInRefExpressionCompletionContributor"
      language="JavaScript"
      implementationClass="com.intellij.javascript.webSymbols.codeCompletion.JSWebSymbolSymbolsInRefExpressionCompletionContributor"
      order="before JSCompletionContributor, before JSPatternBasedCompletionContributor"
    />
    <completion.contributor
      id="JSWebSymbolPropertiesInObjLiteralCompletionContributor"
      language="JavaScript"
      implementationClass="com.intellij.javascript.webSymbols.codeCompletion.JSWebSymbolPropertiesInObjLiteralCompletionContributor"
      order="before JSCompletionContributor, before JSPatternBasedCompletionContributor"
    />
    <completion.contributor
      id="JSWebSymbolPropertiesInRefExpressionCompletionContributor"
      language="JavaScript"
      implementationClass="com.intellij.javascript.webSymbols.codeCompletion.JSWebSymbolPropertiesInRefExpressionCompletionContributor"
      order="before JSCompletionContributor, before JSPatternBasedCompletionContributor"
    />

    <psi.referenceContributor language="JavaScript"
                              implementation="com.intellij.javascript.webSymbols.references.JSWebSymbolPsiReferenceContributor"/>
    <psi.symbolReferenceProvider hostElementClass="com.intellij.lang.javascript.psi.JSProperty"
                                 hostLanguage="JavaScript"
                                 referenceClass="com.intellij.webSymbols.references.WebSymbolReference"
                                 implementationClass="com.intellij.javascript.webSymbols.references.JSWebSymbolPropertyReferenceProvider"
                                 targetClass="com.intellij.webSymbols.WebSymbol"/>

    <psi.symbolReferenceProvider hostElementClass="com.intellij.lang.javascript.psi.JSLiteralExpression"
                                 hostLanguage="JavaScript"
                                 referenceClass="com.intellij.webSymbols.references.WebSymbolReference"
                                 implementationClass="com.intellij.javascript.webSymbols.references.JSWebSymbolLiteralExpressionReferenceProvider"
                                 targetClass="com.intellij.webSymbols.WebSymbol"/>

    <psi.symbolReferenceProvider hostElementClass="com.intellij.lang.javascript.psi.JSReferenceExpression"
                                 hostLanguage="JavaScript"
                                 referenceClass="com.intellij.webSymbols.references.WebSymbolReference"
                                 implementationClass="com.intellij.javascript.webSymbols.references.JSWebSymbolReferenceExpressionReferenceProvider"
                                 targetClass="com.intellij.webSymbols.WebSymbol"/>

    <xml.fileNSInfoProvider implementation="com.intellij.javascript.web.html.WebFrameworkHtmlNSInfoProvider"/>
    <lang.substitutor id="web-framework-html" language="HTML"
                      implementationClass="com.intellij.javascript.web.html.WebFrameworkHtmlLanguageSubstitutor"
                      order="first"/>
    <lang.substitutor id="web-framework-svg" language="SVG"
                      implementationClass="com.intellij.javascript.web.html.WebFrameworkSvgLanguageSubstitutor"
                      order="first"/>

    <webSymbols.inspectionToolMapping symbolNamespace="js" symbolKind="events" problemKind="DeprecatedSymbol"
                                      toolShortName="JSDeprecatedSymbols"/>

    <xml.xmlExtension implementation="com.intellij.javascript.web.html.WebSymbolsJSXXmlExtension" id="web-symbols-react"
                      order="before react"/>
  </extensions>
</idea-plugin>
