<idea-plugin package="com.intellij.lang.javascript.modules.diagram">
  <dependencies>
    <plugin id="com.intellij.diagram"/>
  </dependencies>

  <extensionPoints>
    <extensionPoint qualifiedName="com.intellij.javascript.module.provider"
                    interface="com.intellij.lang.javascript.modules.diagram.JSModuleConnectionProvider"
                    dynamic="true"/>
  </extensionPoints>
  <extensions defaultExtensionNs="com.intellij">
    <diagram.Provider implementation="com.intellij.lang.javascript.modules.diagram.JSModulesDiagramProvider"/>
  </extensions>
</idea-plugin>