{
  "icons": {
    "expui": {
      "fileTypes": {
        "eslint.svg": "icons/fileTypes/eslint.svg",
        "jsHint.svg": "icons/fileTypes/jsHint.svg",
        "jsTest.svg": "icons/fileTypes/jsTestFile.svg",
        "jsxTest.svg": "icons/fileTypes/jsx_test_file.svg",
        "npm.svg": "icons/buildTools/npm/npm_16.svg",
        "stylelint.svg": "icons/fileTypes/stylelint.svg",
        "tsTest.svg": "icons/fileTypes/TypeScriptTest.svg"
      },
      "toolwindow": {
        "npm.svg": "icons/buildTools/npm/npm_13.svg"
      }
    }
  }
}