{
  "auto_popup": {
    "default": 1,
    "false": 0.0,
    "true": 1.0,
    "use_undefined": false
  },
  "js_deprecated": {
    "-1": 1.0,
    "0": 0.0,
    "default": 0,
    "use_undefined": false
  },
  "liftShorter": {
    "default": 0,
    "false": 0.0,
    "true": 1.0,
    "use_undefined": true
  },
  "middleMatching": {
    "default": 1,
    "false": 0.0,
    "true": 1.0,
    "use_undefined": true
  },
  "ml_ctx_common_is_after_dot": {
    "0": 0.0,
    "1": 1.0,
    "default": 0,
    "use_undefined": false
  },
  "ml_ctx_common_is_in_line_beginning": {
    "0": 0.0,
    "1": 1.0,
    "default": 0,
    "use_undefined": false
  },
  "ml_js_is_from_core_library": {
    "0": 0.0,
    "1": 1.0,
    "default": 0,
    "use_undefined": false
  },
  "ml_js_is_from_referenced_file": {
    "0": 0.0,
    "1": 1.0,
    "default": 0,
    "use_undefined": false
  },
  "ml_js_is_from_referenced_module": {
    "0": 0.0,
    "1": 1.0,
    "default": 0,
    "use_undefined": false
  },
  "ml_recent_places_children_contains": {
    "1": 1.0,
    "_OTHER_": 0.0,
    "default": 0,
    "use_undefined": false
  },
  "ml_recent_places_contains": {
    "1": 1.0,
    "_OTHER_": 0.0,
    "default": 0,
    "use_undefined": false
  },
  "ml_vcs_declaration_is_changed": {
    "1": 1.0,
    "_OTHER_": 0.0,
    "default": 0,
    "use_undefined": false
  },
  "prefix_exact": {
    "_OTHER_": 0.0,
    "default": 0,
    "true": 1.0,
    "use_undefined": false
  },
  "prefix_matched_last_word": {
    "_OTHER_": 0.0,
    "default": 0,
    "true": 1.0,
    "use_undefined": false
  },
  "prox_inResolveScope": {
    "default": 1,
    "false": 0.0,
    "true": 1.0,
    "use_undefined": false
  },
  "prox_openedInEditor": {
    "default": 0,
    "false": 0.0,
    "true": 1.0,
    "use_undefined": true
  },
  "prox_sameDirectory": {
    "default": 0,
    "false": 0.0,
    "true": 1.0,
    "use_undefined": false
  },
  "prox_sameLogicalRoot": {
    "default": 0,
    "false": 0.0,
    "true": 1.0,
    "use_undefined": true
  },
  "templates": {
    "default": 0,
    "false": 0.0,
    "true": 1.0,
    "use_undefined": true
  }
}