{
  "ml_common_item_class": [
    "TypeScriptVariableImpl",
    "TypeScriptFunctionImpl",
    "TypeScriptInterfaceImpl",
    "TypeScriptPropertySignatureImpl",
    "TypeScriptClassImpl",
    "TypeScriptFieldImpl",
    "TypeScriptFunctionSignatureImpl",
    "TypeScriptTypeAliasImpl",
    "TypeScriptModuleImpl",
    "TypeScriptParameterImpl",
    "JSPropertyImpl",
    "TypeScriptEnumImpl",
    "TypeScriptMergedTypeImplicitElementImpl",
    "TypeScriptEnumFieldImpl",
    "TypeScriptClassExpressionImpl",
    "JSFileImpl",
    "JSDefinitionExpressionImpl",
    "OTHER",
    "UNDEFINED"
  ],
  "ml_js_kind": [
    "VAR",
    "INTERFACE",
    "FUNCTION",
    "PROPERTY",
    "CONSTANT",
    "METHOD",
    "CLASS",
    "FIELD",
    "TYPE_ALIAS",
    "MODULE",
    "READONLY_FIELD",
    "NAMESPACE",
    "ENUM",
    "PARAMETER",
    "FILE",
    "LOCAL_VAR",
    "UNKNOWN",
    "ES6_DEFAULT_EXPORT",
    "ES6_IMPORT_SPECIFIER",
    "OTHER"
  ],
  "ml_js_origin": [
    "DTS",
    "TS",
    "HTML",
    "UNDEFINED"
  ],
  "ml_js_provider": [
    "REFERENCE",
    "KEYWORDS",
    "PROPERTY",
    "IMPORT_EXPORT_SPECIFIER",
    "TEXT_REFERENCE",
    "IMPORT_EXPORT_DEFAULT",
    "DOC_REFERENCE",
    "CLASS_MEMBER",
    "OPT_CHAIN",
    "DESTRUCTURING_PROPERTY",
    "DOC_TAGS",
    "PARAMETER",
    "UNDEFINED"
  ],
  "ml_vcs_file_state": [
    "MODIFICATION",
    "NEW",
    "MOVED"
  ],
  "prefix_matching_type": [
    "START_WITH"
  ]
}