{
  "ml_common_item_class": [
    "TypeScriptVariableImpl",
    "TypeScriptPropertySignatureImpl",
    "JSPropertyImpl",
    "TypeScriptFunctionSignatureImpl",
    "JSDefinitionExpressionImpl",
    "TypeScriptFunctionImpl",
    "JSFunctionImpl",
    "JSVariableImpl",
    "JSFunctionPropertyImpl",
    "JSImplicitElementImpl",
    "JSImplicitFunctionImpl",
    "ES6PropertyImpl",
    "TypeScriptFieldImpl",
    "TypeScriptEnumFieldImpl",
    "JSOffsetBasedImplicitElement",
    "JSFunctionExpressionImpl",
    "TypeScriptModuleImpl",
    "JSParameterImpl",
    "TypeScriptInterfaceImpl",
    "ES6ExportDefaultAssignmentImpl",
    "OTHER",
    "UNDEFINED"
  ],
  "ml_ctx_js_level": [
    "ECMAScript 6+",
    "UNDEFINED"
  ],
  "ml_js_kind": [
    "VAR",
    "PROPERTY",
    "FUNCTION",
    "METHOD",
    "DEFINITION",
    "CONSTANT",
    "LOCAL_VAR",
    "CLASS",
    "FIELD",
    "READONLY_FIELD",
    "XML_ATTRIBUTE_VALUE",
    "NAMESPACE",
    "INTERFACE",
    "UNKNOWN",
    "PARAMETER",
    "ES6_DEFAULT_EXPORT",
    "FILE",
    "CONSTRUCTOR",
    "TYPE_ALIAS",
    "ES6_IMPORT",
    "OTHER",
    "UNDEFINED"
  ],
  "ml_js_origin": [
    "DTS",
    "JS",
    "HTML",
    "TS",
    "UNDEFINED"
  ],
  "ml_js_provider": [
    "REFERENCE",
    "PROPERTY",
    "KEYWORDS",
    "IMPORT_EXPORT_DEFAULT",
    "IMPORT_EXPORT_SPECIFIER",
    "DOC_TAGS",
    "OPT_CHAIN",
    "DESTRUCTURING_PROPERTY",
    "CLASS_MEMBER",
    "AWAIT",
    "PARAMETER",
    "UNDEFINED"
  ],
  "ml_vcs_file_state": [
    "MODIFICATION",
    "NEW",
    "MOVED",
    "DELETED",
    "UNDEFINED"
  ],
  "prefix_matching_type": [
    "START_WITH",
    "WORDS_FIRST_CHAR",
    "GREEDY",
    "GREEDY_WITH_CASE",
    "UNDEFINED"
  ]
}