{
  "js_minor_priority": {
    "default": 0.0,
    "use_undefined": true
  },
  "js_priority": {
    "default": 1.0,
    "use_undefined": true
  },
  "ml_common_lines_diff": {
    "default": 10000.0,
    "use_undefined": true
  },
  "ml_common_similarity_line_stemmed_max": {
    "default": 0.0,
    "use_undefined": false
  },
  "ml_common_similarity_line_stemmed_mean": {
    "default": 0.0,
    "use_undefined": false
  },
  "ml_common_similarity_parent_stemmed_max": {
    "default": 0.0,
    "use_undefined": false
  },
  "ml_common_similarity_parent_stemmed_mean": {
    "default": 0.0,
    "use_undefined": false
  },
  "ml_ctx_common_col_num": {
    "default": 0.0,
    "use_undefined": false
  },
  "ml_ctx_common_indent_level": {
    "default": 0.0,
    "use_undefined": false
  },
  "ml_ctx_common_line_num": {
    "default": 0.0,
    "use_undefined": false
  },
  "ml_js_expected_and_element_types_similarity": {
    "default": 0.0,
    "use_undefined": true
  },
  "ml_js_expected_type_and_ref_name_similarity": {
    "default": 0.0,
    "use_undefined": true
  },
  "ml_js_initialized_name_and_element_type_similarity": {
    "default": 0.0,
    "use_undefined": true
  },
  "ml_js_initialized_name_similarity": {
    "default": 0.0,
    "use_undefined": true
  },
  "ml_ngram_file": {
    "default": 0.0,
    "use_undefined": true
  },
  "ml_ngram_file_reversed": {
    "default": 0.0,
    "use_undefined": false
  },
  "ml_ngram_recent_files": {
    "default": 0.0,
    "use_undefined": false
  },
  "position": {
    "default": 1000.0,
    "use_undefined": false
  },
  "prefix": {
    "default": 0.0,
    "use_undefined": true
  },
  "prefix_greedy_score": {
    "default": 0.0,
    "use_undefined": false
  },
  "prefix_greedy_with_case_score": {
    "default": 0.0,
    "use_undefined": false
  },
  "prefix_length": {
    "default": 0.0,
    "use_undefined": false
  },
  "prefix_matched_words_relative": {
    "default": 0.0,
    "use_undefined": false
  },
  "prefix_matched_words_score": {
    "default": 0.0,
    "use_undefined": false
  },
  "prefix_matched_words_with_case_relative": {
    "default": 0.0,
    "use_undefined": false
  },
  "prefix_matched_words_with_case_score": {
    "default": 0.0,
    "use_undefined": false
  },
  "prefix_same_start_count": {
    "default": 0.0,
    "use_undefined": false
  },
  "prefix_skipped_words": {
    "default": 0.0,
    "use_undefined": false
  },
  "priority": {
    "default": 0.0,
    "use_undefined": false
  },
  "prox_directoryType": {
    "default": 0.0,
    "use_undefined": true
  },
  "prox_sameModule": {
    "default": 0.0,
    "use_undefined": true
  },
  "query_length": {
    "default": 0.0,
    "use_undefined": false
  },
  "relative_position": {
    "default": 1.0,
    "use_undefined": true
  },
  "result_length": {
    "default": 0.0,
    "use_undefined": true
  },
  "session_query_number": {
    "default": 0.0,
    "use_undefined": false
  },
  "session_sorting_order": {
    "default": 0.0,
    "use_undefined": false
  },
  "session_unique_queries": {
    "default": 0.0,
    "use_undefined": false
  },
  "sorter": {
    "default": 0.0,
    "use_undefined": false
  },
  "stats": {
    "default": 0.0,
    "use_undefined": true
  }
}