<?xml version="1.0" encoding="UTF-8"?>
<templateSet group="JavaScript">

  <template name="importitems" value='import {$ITEM$$END$} from "$MODULE$";&#10;'
            resource-bundle="messages.JavaScriptBundle" key="livetemplate.description.importfrom" toReformat="true" toShortenFQNames="true">
    <variable name="MODULE" expression="complete()" defaultValue="" alwaysStopAt="true" />
    <variable name="ITEM" expression="complete()" defaultValue="" alwaysStopAt="true" />
    <context>
      <option name="JS_STATEMENT" value="true" />
      <option name="TS_STATEMENT" value="true" />
    </context>
  </template>

  <template name="importns" value='import * as $ITEM$ from "$MODULE$";&#10;$END$'
            resource-bundle="messages.JavaScriptBundle" key="livetemplate.description.importns" toReformat="true" toShortenFQNames="true">
    <variable name="MODULE" expression="complete()" defaultValue="" alwaysStopAt="true" />
    <variable name="ITEM" expression="jsSuggestImportedEntityName()" defaultValue="Namespace" alwaysStopAt="true" />
    <context>
      <option name="JS_STATEMENT" value="true" />
      <option name="TS_STATEMENT" value="true" />
    </context>
  </template>

  <template name="importdefault" value='import $ITEM$ from "$MODULE$";&#10;$END$'
            resource-bundle="messages.JavaScriptBundle" key="livetemplate.description.importdefault" toReformat="true" toShortenFQNames="true">
    <variable name="MODULE" expression="complete()" defaultValue="" alwaysStopAt="true" />
    <variable name="ITEM" expression="jsSuggestImportedEntityName()" defaultValue="Namespace" alwaysStopAt="true" />
    <context>
      <option name="JS_STATEMENT" value="true" />
      <option name="TS_STATEMENT" value="true" />
    </context>
  </template>

  <template name="exportall" value='export * from "$MODULE$";&#10;$END$'
            resource-bundle="messages.JavaScriptBundle" key="livetemplate.description.exportall" toReformat="true" toShortenFQNames="true">
    <variable name="MODULE" expression="complete()" defaultValue="" alwaysStopAt="true" />
    <context>
      <option name="JS_STATEMENT" value="true" />
      <option name="TS_STATEMENT" value="true" />
    </context>
  </template>

  <template name="exportfrom" value='export {$ITEM$$END$} from "$MODULE$";&#10;'
            resource-bundle="messages.JavaScriptBundle" key="livetemplate.description.exportfrom" toReformat="true" toShortenFQNames="true">
    <variable name="MODULE" expression="complete()" defaultValue="" alwaysStopAt="true" />
    <variable name="ITEM" expression="complete()" defaultValue="" alwaysStopAt="true" />
    <context>
      <option name="JS_STATEMENT" value="true" />
      <option name="TS_STATEMENT" value="true" />
    </context>
  </template>

  <template name="exportitems" value='export {$ITEM$$END$};&#10;'
            resource-bundle="messages.JavaScriptBundle" key="livetemplate.description.exportitems" toReformat="true" toShortenFQNames="true">
    <variable name="ITEM" expression="complete()" defaultValue="" alwaysStopAt="true" />
    <context>
      <option name="JS_STATEMENT" value="true" />
      <option name="TS_STATEMENT" value="true" />
    </context>
  </template>

  <template name="moduleexports" value='module.exports = $END$'
            resource-bundle="messages.JavaScriptBundle" key="livetemplate.description.moduleexports" toReformat="true" toShortenFQNames="true">
    <context>
      <option name="JS_TOP_LEVEL_STATEMENT" value="true"/>
    </context>
  </template>
 
</templateSet>
