<?xml version="1.0" encoding="UTF-8"?>
<templateSet group="JavaScript">
  <template name="log" value='console.log($END$)'
            resource-bundle="messages.JavaScriptBundle" key="livetemplate.description.console.log" toReformat="true" toShortenFQNames="true">
    <context>
      <option name="JS_STATEMENT" value="true" />
      <option name="TS_STATEMENT" value="true" />
    </context>
  </template>

  <template name="error" value='console.error($END$)'
            resource-bundle="messages.JavaScriptBundle" key="livetemplate.description.console.error" toReformat="true" toShortenFQNames="true">
    <context>
      <option name="JS_STATEMENT" value="true" />
      <option name="TS_STATEMENT" value="true" />
    </context>
  </template>

  <template name="warn" value='console.warn($END$)'
            resource-bundle="messages.JavaScriptBundle" key="livetemplate.description.console.warn" toReformat="true" toShortenFQNames="true">
    <context>
      <option name="JS_STATEMENT" value="true" />
      <option name="TS_STATEMENT" value="true" />
    </context>
  </template>

  <template name="info" value='console.info($END$)'
            resource-bundle="messages.JavaScriptBundle" key="livetemplate.description.console.info" toReformat="true" toShortenFQNames="true">
    <context>
      <option name="JS_STATEMENT" value="true" />
      <option name="TS_STATEMENT" value="true" />
    </context>
  </template>

  <template name="trace" value='console.trace($END$)'
            resource-bundle="messages.JavaScriptBundle" key="livetemplate.description.console.trace" toReformat="true" toShortenFQNames="true">
    <context>
      <option name="JS_STATEMENT" value="true" />
      <option name="TS_STATEMENT" value="true" />
    </context>
  </template>


  <template name="assert" value='console.assert($END$)'
            resource-bundle="messages.JavaScriptBundle" key="livetemplate.description.console.assert" toReformat="true" toShortenFQNames="true">
    <context>
      <option name="JS_STATEMENT" value="true" />
      <option name="TS_STATEMENT" value="true" />
    </context>
  </template>
</templateSet>