<?xml version="1.0" encoding="UTF-8"?>
<templateSet group="JavaScript">

  <template name="fori" value="for($VARKIND$ $INDEX$ = 0; $INDEX$ &lt; $LIMIT$; $INDEX$++) {&#10;  $END$&#10;}"
      resource-bundle="messages.JavaScriptBundle" key="livetemplate.description.fori"
      toReformat="true" toShortenFQNames="true">
    <variable name="VARKIND" expression="jsSuggestDefaultVariableKind(false)" defaultValue="var" alwaysStopAt="false" />
    <variable name="INDEX" expression="jsSuggestIndexName()" defaultValue="" alwaysStopAt="true" />
    <variable name="LIMIT" expression="" defaultValue="" alwaysStopAt="true" />
    <context>
      <option name="JS_STATEMENT" value="true" />
      <option name="TS_STATEMENT" value="true" />
    </context>
  </template>
  
  <template name="forof" value="for ($VARKIND$ $VAR$ of $ARRAY$) {&#10;  $END$&#10;}"
            resource-bundle="messages.JavaScriptBundle" key="livetemplate.description.iter" toReformat="true" toShortenFQNames="true">
    <variable name="VARKIND" expression="jsSuggestDefaultVariableKind()" defaultValue="let" alwaysStopAt="false" />
    <variable name="ARRAY" expression="jsArrayVariable()" defaultValue="&quot;array &quot;" alwaysStopAt="false"/>
    <variable name="VAR" expression="jsSuggestVariableName()" defaultValue="&quot;o&quot;" alwaysStopAt="true"/>
    <context>
      <option name="JS_STATEMENT" value="true" />
      <option name="TS_STATEMENT" value="true" />
    </context>
  </template>

  <template name="forin" value="for ($VARKIND$ $VAR$ in $ARRAY$) {&#10;  $END$&#10;}"
            resource-bundle="messages.JavaScriptBundle" key="livetemplate.description.itin" toReformat="true" toShortenFQNames="true">
    <variable name="VARKIND" expression="jsSuggestDefaultVariableKind()" defaultValue="let" alwaysStopAt="false" />
    <variable name="ARRAY" expression="jsArrayVariable()" defaultValue="&quot;array &quot;" alwaysStopAt="true"/>
    <variable name="VAR" expression="jsSuggestVariableName()" defaultValue="&quot;o&quot;" alwaysStopAt="true"/>
    <context>
      <option name="JS_STATEMENT" value="true" />
      <option name="TS_STATEMENT" value="true" />
    </context>
  </template>

  <template name="iter" value="for ($VARKIND$ $VAR$ of $ARRAY$) {&#10;  $END$&#10;}"
            resource-bundle="messages.JavaScriptBundle" key="livetemplate.description.iter" toReformat="true" toShortenFQNames="true">
    <variable name="VARKIND" expression="jsSuggestDefaultVariableKind()" defaultValue="let" alwaysStopAt="false" />
    <variable name="ARRAY" expression="jsArrayVariable()" defaultValue="&quot;array &quot;" alwaysStopAt="false"/>
    <variable name="VAR" expression="jsSuggestVariableName()" defaultValue="&quot;o&quot;" alwaysStopAt="true"/>
    <context>
      <option name="JS_STATEMENT" value="true" />
      <option name="TS_STATEMENT" value="true" />
    </context>
  </template>

  <template name="itera" value="for await ($VARKIND$ $VAR$ of $ARRAY$) {&#10;  $END$&#10;}"
            resource-bundle="messages.JavaScriptBundle" key="livetemplate.description.itera" toReformat="true" toShortenFQNames="true">
    <variable name="VARKIND" expression="jsSuggestDefaultVariableKind()" defaultValue="let" alwaysStopAt="false" />
    <variable name="ARRAY" expression="jsArrayVariable()" defaultValue="&quot;array &quot;" alwaysStopAt="false"/>
    <variable name="VAR" expression="jsSuggestVariableName()" defaultValue="&quot;o&quot;" alwaysStopAt="true"/>
    <context>
      <option name="JS_STATEMENT" value="true" />
      <option name="TS_STATEMENT" value="true" />
    </context>
  </template>

  <template name="itin" value="for ($VARKIND$ $VAR$ in $ARRAY$) {&#10;  $END$&#10;}"
            resource-bundle="messages.JavaScriptBundle" key="livetemplate.description.itin" toReformat="true" toShortenFQNames="true">
    <variable name="VARKIND" expression="jsSuggestDefaultVariableKind()" defaultValue="var" alwaysStopAt="false" />
    <variable name="ARRAY" expression="jsArrayVariable()" defaultValue="&quot;array &quot;" alwaysStopAt="true"/>
    <variable name="VAR" expression="jsSuggestVariableName()" defaultValue="&quot;o&quot;" alwaysStopAt="true"/>
    <context>
      <option name="JS_STATEMENT" value="true" />
      <option name="TS_STATEMENT" value="true" />
    </context>
  </template>

  <template name="itar" value="for ($VARKIND$ $INDEX$ = 0; $INDEX$ &lt; $ARRAY$.length; $INDEX$++) {&#10;  $VARKIND2$ $VAR$ = $ARRAY$[$INDEX$];&#10;  $END$&#10;}"
            resource-bundle="messages.JavaScriptBundle" key="livetemplate.description.itar" toReformat="true" toShortenFQNames="true">
    <variable name="VARKIND" expression="jsSuggestDefaultVariableKind(false)" defaultValue="var" alwaysStopAt="false" />
    <variable name="INDEX" expression="jsSuggestIndexName()" defaultValue="&quot;i&quot;" alwaysStopAt="true" />
    <variable name="ARRAY" expression="jsArrayVariable()" defaultValue="&quot;array&quot;" alwaysStopAt="true" />
    <variable name="VARKIND2" expression="jsSuggestDefaultVariableKind()" defaultValue="var" alwaysStopAt="false" />
    <variable name="VAR" expression="jsSuggestVariableName()" defaultValue="&quot;o&quot;" alwaysStopAt="true" />
    <context>
      <option name="JS_STATEMENT" value="true" />
      <option name="TS_STATEMENT" value="true" />
    </context>
  </template>

  <template name="ritar" value="for ($VARKIND$ $INDEX$ = $ARRAY$.length - 1; $INDEX$ &gt;= 0; $INDEX$--) {&#10;  $VARKIND2$ $VAR$ = $ARRAY$[$INDEX$];&#10;  $END$&#10;}"
            resource-bundle="messages.JavaScriptBundle" key="livetemplate.description.ritar"  toReformat="true" toShortenFQNames="true">
    <variable name="VARKIND" expression="jsSuggestDefaultVariableKind(false)" defaultValue="var" alwaysStopAt="false" />
    <variable name="INDEX" expression="jsSuggestIndexName()" defaultValue="&quot;i&quot;" alwaysStopAt="true" />
    <variable name="ARRAY" expression="jsArrayVariable()" defaultValue="&quot;array&quot;" alwaysStopAt="true" />
    <variable name="VARKIND2" expression="jsSuggestDefaultVariableKind()" defaultValue="var" alwaysStopAt="false" />
    <variable name="VAR" expression="jsSuggestVariableName()" defaultValue="&quot;o&quot;" alwaysStopAt="true" />
    <context>
      <option name="JS_STATEMENT" value="true" />
      <option name="TS_STATEMENT" value="true" />
    </context>
  </template>

</templateSet>

