<templateSet group="React hooks">
  <template useStaticImport="true" name="useState" value="const [$state$, set$State$] = useState($END$)" description="const [state, setState] = useState()" toReformat="true" toShortenFQNames="true">
    <variable name="state" expression="" defaultValue="" alwaysStopAt="true" />
    <variable name="State" expression="capitalize(state)" defaultValue="" alwaysStopAt="true" />
    <context>
      <option name="JS_STATEMENT" value="true" />
      <option name="TS_STATEMENT" value="true" />
    </context>
  </template>
  <template useStaticImport="true" name="useCallback" value="const $cachedFn$ = useCallback(() =&gt; {&#10;&#9;$END$&#10;}, []);" description="const name = useCallback(() =&gt; {}, [])" toReformat="true" toShortenFQNames="true">
    <variable name="cachedFn" expression="" defaultValue="" alwaysStopAt="true" />
    <context>
      <option name="JS_STATEMENT" value="true" />
      <option name="TS_STATEMENT" value="true" />
    </context>
  </template>
  <template useStaticImport="true" name="useContext" value="const $value$ = useContext($Context$)" description="const value = useContext(context)" toReformat="true" toShortenFQNames="true">
    <variable name="value" expression="" defaultValue="" alwaysStopAt="true" />
    <variable name="Context" expression="" defaultValue="" alwaysStopAt="true" />
    <context>
      <option name="JS_STATEMENT" value="true" />
      <option name="TS_STATEMENT" value="true" />
    </context>
  </template>
  <template useStaticImport="true" name="useEffect" value="useEffect(() =&gt; {&#10;&#9;$END$&#10;}, []);" description="useEffect(() =&gt; {}, [])" toReformat="true" toShortenFQNames="true">
    <context>
      <option name="JS_STATEMENT" value="true" />
      <option name="TS_STATEMENT" value="true" />
    </context>
  </template>
  <template useStaticImport="true" name="useLayoutEffect" value="useLayoutEffect(() =&gt; {&#10;&#9;$END$&#10;}, []);" description="useLayoutEffect(() =&gt; {}, [])" toReformat="true" toShortenFQNames="true">
    <context>
      <option name="JS_STATEMENT" value="true" />
      <option name="TS_STATEMENT" value="true" />
    </context>
  </template>
  <template useStaticImport="true" name="useMemo" value="const $cachedValue$ = useMemo(() =&gt; {&#10;&#9;$END$&#10;}, []);" description="const cachedValue = useMemo(() =&gt; {}, [])" toReformat="true" toShortenFQNames="true">
    <variable name="cachedValue" expression="" defaultValue="" alwaysStopAt="true" />
    <context>
      <option name="JS_STATEMENT" value="true" />
      <option name="TS_STATEMENT" value="true" />
    </context>
  </template>
  <template useStaticImport="true" name="useReducer" value="const [$state$, $dispatch$] = useReducer($PARAMS$)" description="const [state, dispatch] = useReducer(params)" toReformat="true" toShortenFQNames="true">
    <variable name="state" expression="" defaultValue="" alwaysStopAt="true" />
    <variable name="dispatch" expression="" defaultValue="" alwaysStopAt="true" />
    <variable name="PARAMS" expression="" defaultValue="" alwaysStopAt="true" />
    <context>
      <option name="JS_STATEMENT" value="true" />
      <option name="TS_STATEMENT" value="true" />
    </context>
  </template>
  <template useStaticImport="true" name="useRef" value="const $ref$ = useRef($END$);" description="const ref = useRef(initialValue)" toReformat="true" toShortenFQNames="true">
    <variable name="ref" expression="" defaultValue="" alwaysStopAt="true" />
    <context>
      <option name="JS_STATEMENT" value="true" />
      <option name="TS_STATEMENT" value="true" />
    </context>
  </template>
  <template useStaticImport="true" name="lazyImport" value="const $name$ = lazy(() =&gt; import('$Path$'))" description="const Component = lazy(() =&gt; import('path'))" toReformat="true" toShortenFQNames="true">
    <variable name="name" expression="" defaultValue="" alwaysStopAt="true" />
    <variable name="Path" expression="" defaultValue="" alwaysStopAt="true" />
    <context>
      <option name="JS_TOP_LEVEL_STATEMENT" value="true" />
      <option name="TS_TOP_LEVEL_STATEMENT" value="true" />
    </context>
  </template>
  <template useStaticImport="true" name="useTransition" value="const [$isPending$, $startTransition$] = useTransition()" description="const [isPending, startTransition] = useTransition()" toReformat="true" toShortenFQNames="true">
    <variable name="isPending" expression="" defaultValue="&quot;isPending&quot;" alwaysStopAt="true" />
    <variable name="startTransition" expression="" defaultValue="&quot;startTransition&quot;" alwaysStopAt="true" />
    <context>
      <option name="JS_STATEMENT" value="true" />
      <option name="TS_STATEMENT" value="true" />
    </context>
  </template>
</templateSet>