<templateSet group="React">
  <template name="con" value="constructor(props) {&#10; super(props);&#10; $END$&#10;}&#10;" description="Constructor with props argument"
            toReformat="true" toShortenFQNames="true">
    <context>
      <option name="JS_CLASS" value="true"/>
      <option name="TS_CLASS" value="true"/>
    </context>
  </template>
  <template name="props" value="this.props.$END$" description="this.props." toReformat="true" toShortenFQNames="true">
    <context>
      <option name="JS_CLASS_MEMBER_EXPRESSION" value="true"/>
      <option name="TS_CLASS_MEMBER_EXPRESSION" value="true"/>
      <option name="JS_CLASS_MEMBER_STATEMENT" value="true"/>
      <option name="TS_CLASS_MEMBER_STATEMENT" value="true"/>
    </context>
  </template>
  <template name="state" value="this.state.$END$" description="this.state." toReformat="true" toShortenFQNames="true">
    <context>
      <option name="JS_CLASS_MEMBER_EXPRESSION" value="true"/>
      <option name="TS_CLASS_MEMBER_EXPRESSION" value="true"/>
      <option name="JS_CLASS_MEMBER_STATEMENT" value="true"/>
      <option name="TS_CLASS_MEMBER_STATEMENT" value="true"/>
    </context>
  </template>
  <template name="fsc"
            value="// @flow &#10;import * as React from 'react';&#10;type Props = {&#10; $END$&#10;};&#10;export const $TM_FILENAME_BASE$ = (props: Props) =&gt; {&#10; return (&#10;  &lt;div&gt;&#10;   &#10;  &lt;/div&gt;&#10; );&#10;};"
            description="React Flow arrow function component" toReformat="true" toShortenFQNames="true">
    <variable name="TM_FILENAME_BASE" expression="capitalize(camelCase(fileNameWithoutExtension()))" defaultValue="&quot;&quot;"
              alwaysStopAt="true"/>
    <context>
      <option name="JS_TOP_LEVEL_STATEMENT" value="true"/>
      <option name="TS_TOP_LEVEL_STATEMENT" value="true"/>
    </context>
  </template>
  <template name="fsf"
            value="// @flow&#10;import * as React from 'react';&#10;type Props = {&#10; $END$&#10;};&#10;export function $TM_FILENAME_BASE$(props: Props) {&#10; return (&#10;  &lt;div&gt;&#10;   &#10;  &lt;/div&gt;&#10; );&#10;};"
            description="React Flow function component" toReformat="true" toShortenFQNames="true">
    <variable name="TM_FILENAME_BASE" expression="capitalize(camelCase(fileNameWithoutExtension()))" defaultValue="&quot;&quot;"
              alwaysStopAt="true"/>
    <context>
      <option name="JS_TOP_LEVEL_STATEMENT" value="true"/>
      <option name="TS_TOP_LEVEL_STATEMENT" value="true"/>
    </context>
  </template>
  <template name="rcc" value="import React, { Component } from 'react';&#10;&#10;class $TM_FILENAME_BASE$ extends Component {&#10; render() {&#10;  return (&#10;   &lt;div&gt;&#10;    $END$&#10;   &lt;/div&gt;&#10;  );&#10; }&#10;}&#10;&#10;export default $TM_FILENAME_BASE$;" description="React class component" toReformat="true" toShortenFQNames="true">
    <variable name="TM_FILENAME_BASE" expression="capitalize(camelCase(fileNameWithoutExtension()))" defaultValue="&quot;&quot;" alwaysStopAt="true" />
    <context>
      <option name="JS_TOP_LEVEL_STATEMENT" value="true" />
      <option name="TS_TOP_LEVEL_STATEMENT" value="true" />
    </context>
  </template>
  <template name="rccp"
            value="import React, { Component } from 'react';&#10;import PropTypes from 'prop-types';&#10;&#10;class $TM_FILENAME_BASE$ extends Component {&#10; render() {&#10;  return (&#10;   &lt;div&gt;&#10;    $END$&#10;   &lt;/div&gt;&#10;  );&#10; }&#10;}&#10;&#10;$TM_FILENAME_BASE$.propTypes = {&#10;&#10;};&#10;&#10;export default $TM_FILENAME_BASE$;"
            description="React class component with PropTypes" toReformat="true" toShortenFQNames="true">
    <variable name="TM_FILENAME_BASE" expression="capitalize(camelCase(fileNameWithoutExtension()));" defaultValue="&quot;&quot;"
              alwaysStopAt="true"/>
    <context>
      <option name="JS_TOP_LEVEL_STATEMENT" value="true"/>
      <option name="TS_TOP_LEVEL_STATEMENT" value="true"/>
    </context>
  </template>
  <template name="rcfc"
            value="import React, { Component } from 'react';&#10;import PropTypes from 'prop-types';&#10;&#10;class $TM_FILENAME_BASE$ extends Component {&#10; constructor(props) {&#10;  super(props);&#10;&#10; }&#10;&#10; componentWillMount() {&#10;&#10; }&#10;&#10; componentDidMount() {&#10;&#10; }&#10;&#10; componentWillReceiveProps(nextProps) {&#10;&#10; }&#10;&#10; shouldComponentUpdate(nextProps, nextState) {&#10;&#10; }&#10;&#10; componentWillUpdate(nextProps, nextState) {&#10;&#10; }&#10;&#10; componentDidUpdate(prevProps, prevState) {&#10;&#10; }&#10;&#10; componentWillUnmount() {&#10;&#10; }&#10;&#10; render() {&#10;  return (&#10;   &lt;div&gt;&#10;&#10;   &lt;/div&gt;&#10;  );&#10; }&#10;}&#10;&#10;$TM_FILENAME_BASE$.propTypes = {&#10;&#10;};&#10;&#10;export default $TM_FILENAME_BASE$;"
            description="React class component with PropTypes and lifecycle methods" toReformat="true" toShortenFQNames="true">
    <variable name="TM_FILENAME_BASE" expression="capitalize(camelCase(fileNameWithoutExtension()))" defaultValue="&quot;&quot;"
              alwaysStopAt="true"/>
    <context>
      <option name="JS_TOP_LEVEL_STATEMENT" value="true"/>
      <option name="TS_TOP_LEVEL_STATEMENT" value="true"/>
    </context>
    <context/>
  </template>
  <template name="rsc"
            value="import React from 'react';&#10;&#10;const $TM_FILENAME_BASE$ = () =&gt; {&#10; return (&#10;  &lt;div&gt;&#10;   $END$&#10;  &lt;/div&gt;&#10; );&#10;};&#10;&#10;export default $TM_FILENAME_BASE$;"
            description="React arrow function component" toReformat="true" toShortenFQNames="true">
    <variable name="TM_FILENAME_BASE" expression="capitalize(camelCase(fileNameWithoutExtension()))" defaultValue="&quot;&quot;"
              alwaysStopAt="true"/>
    <context>
      <option name="JS_TOP_LEVEL_STATEMENT" value="true"/>
      <option name="TS_TOP_LEVEL_STATEMENT" value="true"/>
    </context>
  </template>
  <template name="rsf"
            value="import React from 'react';&#10;&#10;function $TM_FILENAME_BASE$(props) {&#10; return (&#10;  $1$&#10; );}&#10;&#10;export default $TM_FILENAME_BASE$;"
            description="React function component" toReformat="true" toShortenFQNames="true">
    <variable name="1" expression="" defaultValue="&quot;&lt;div&gt;&lt;/div&gt;&quot;" alwaysStopAt="true"/>
    <variable name="TM_FILENAME_BASE" expression="capitalize(camelCase(fileNameWithoutExtension()))" defaultValue="&quot;&quot;"
              alwaysStopAt="true"/>
    <context>
      <option name="JS_TOP_LEVEL_STATEMENT" value="true"/>
      <option name="TS_TOP_LEVEL_STATEMENT" value="true"/>
    </context>
  </template>
  <template name="rsfp"
            value="import React from 'react';&#10;import PropTypes from 'prop-types';&#10;&#10;$TM_FILENAME_BASE$.propTypes = {&#10; $END$&#10;};&#10;&#10;function $TM_FILENAME_BASE$(props) {&#10; return (&#10;  $1$&#10; );&#10;}&#10;&#10;export default $TM_FILENAME_BASE$;"
            description="React function component with propTypes" toReformat="true" toShortenFQNames="true">
    <variable name="1" expression="" defaultValue="&quot;&lt;div&gt;&lt;/div&gt;&quot;" alwaysStopAt="true"/>
    <variable name="TM_FILENAME_BASE" expression="capitalize(camelCase(fileNameWithoutExtension()))" defaultValue="&quot;&quot;"
              alwaysStopAt="true"/>
    <context>
      <option name="JS_TOP_LEVEL_STATEMENT" value="true"/>
      <option name="TS_TOP_LEVEL_STATEMENT" value="true"/>
    </context>
  </template>
  <template name="rsi"
            value="import React from 'react';&#10;&#10;const $TM_FILENAME_BASE$ = (props) =&gt; (&#10; $END$&#10;);&#10;&#10;export default $TM_FILENAME_BASE$;"
            description="React arrow function component with implicit return" toReformat="true" toShortenFQNames="true">
    <variable name="TM_FILENAME_BASE" expression="capitalize(camelCase(fileNameWithoutExtension()))" defaultValue="&quot;&quot;"
              alwaysStopAt="true"/>
    <context>
      <option name="JS_TOP_LEVEL_STATEMENT" value="true"/>
      <option name="TS_TOP_LEVEL_STATEMENT" value="true"/>
    </context>
  </template>
  <template name="rscp"
            value="import React from 'react';&#10;import PropTypes from 'prop-types';&#10;&#10;const $TM_FILENAME_BASE$ = props =&gt; {&#10; return (&#10;  &lt;div&gt;&#10;   &#10;  &lt;/div&gt;&#10; );&#10;};&#10;&#10;$TM_FILENAME_BASE$.propTypes = {&#10; $END$&#10;};&#10;&#10;export default $TM_FILENAME_BASE$;"
            description="React arrow function component with propTypes" toReformat="true" toShortenFQNames="true">
    <variable name="TM_FILENAME_BASE" expression="capitalize(camelCase(fileNameWithoutExtension()))" defaultValue="&quot;&quot;"
              alwaysStopAt="true"/>
    <context>
      <option name="JS_TOP_LEVEL_STATEMENT" value="true"/>
      <option name="TS_TOP_LEVEL_STATEMENT" value="true"/>
    </context>
  </template>
</templateSet>