{
  "public-all": [
    "assert",
    "async_hooks",
    "buffer",
    "child_process",
    "cluster",
    "crypto",
    "dgram",
    "dns",
    "domain",
    "events",
    "fs",
    "http",
    "http2",
    "https",
    "inspector",
    "module",
    "net",
    "os",
    "path",
    "perf_hooks",
    "punycode",
    "querystring",
    "readline",
    "repl",
    "stream",
    "string_decoder",
    "tls",
    "tty",
    "url",
    "util",
    "v8",
    "vm",
    "worker_threads",
    "zlib"
  ],
  "public-excluded": [
    "buffer",
    "module"
  ],
  "private-included": [
    "_http_server",
    "_http_incoming",
    "_http_outgoing"
  ],
  "public-replacement": {
    "internal/cluster/master.js" : "cluster.js",
    "internal/cluster/client.js" : "cluster.js"
  }
}
