<options>
  <configurable id="preferences.keymap" configurable_name="Keymap">
    <option name="config" path="ActionManager" hit="Edit 'testDir' in 'playwright.config.ts' to Run the Test…" />
    <option name="edit" path="ActionManager" hit="Edit 'testDir' in 'playwright.config.ts' to Run the Test…" />
    <option name="in" path="ActionManager" hit="Edit 'testDir' in 'playwright.config.ts' to Run the Test…" />
    <option name="playwright" path="ActionManager" hit="Edit 'testDir' in 'playwright.config.ts' to Run the Test…" />
    <option name="run" path="ActionManager" hit="Edit 'testDir' in 'playwright.config.ts' to Run the Test…" />
    <option name="test" path="ActionManager" hit="Edit 'testDir' in 'playwright.config.ts' to Run the Test…" />
    <option name="testdir" path="ActionManager" hit="Edit 'testDir' in 'playwright.config.ts' to Run the Test…" />
    <option name="the" path="ActionManager" hit="Edit 'testDir' in 'playwright.config.ts' to Run the Test…" />
    <option name="to" path="ActionManager" hit="Edit 'testDir' in 'playwright.config.ts' to Run the Test…" />
    <option name="ts" path="ActionManager" hit="Edit 'testDir' in 'playwright.config.ts' to Run the Test…" />
    <option name="able" path="ActionManager" hit="Modify configuration file property 'testDir' to be able to run tests from the current directory" />
    <option name="be" path="ActionManager" hit="Modify configuration file property 'testDir' to be able to run tests from the current directory" />
    <option name="configuration" path="ActionManager" hit="Modify configuration file property 'testDir' to be able to run tests from the current directory" />
    <option name="current" path="ActionManager" hit="Modify configuration file property 'testDir' to be able to run tests from the current directory" />
    <option name="directory" path="ActionManager" hit="Modify configuration file property 'testDir' to be able to run tests from the current directory" />
    <option name="file" path="ActionManager" hit="Modify configuration file property 'testDir' to be able to run tests from the current directory" />
    <option name="from" path="ActionManager" hit="Modify configuration file property 'testDir' to be able to run tests from the current directory" />
    <option name="modify" path="ActionManager" hit="Modify configuration file property 'testDir' to be able to run tests from the current directory" />
    <option name="property" path="ActionManager" hit="Modify configuration file property 'testDir' to be able to run tests from the current directory" />
    <option name="run" path="ActionManager" hit="Modify configuration file property 'testDir' to be able to run tests from the current directory" />
    <option name="testdir" path="ActionManager" hit="Modify configuration file property 'testDir' to be able to run tests from the current directory" />
    <option name="tests" path="ActionManager" hit="Modify configuration file property 'testDir' to be able to run tests from the current directory" />
    <option name="the" path="ActionManager" hit="Modify configuration file property 'testDir' to be able to run tests from the current directory" />
    <option name="to" path="ActionManager" hit="Modify configuration file property 'testDir' to be able to run tests from the current directory" />
  </configurable>
</options>