<?xml version='1.0'?>
<list>
  <option name="JS.LOCAL_VARIABLE">
    <value>
      <option name="FOREGROUND" value="a9b7c6"/>
    </value>
  </option>
  <option name="JS.REGEXP">
    <value>
      <option name="FOREGROUND" value="6897bb"/>
    </value>
  </option>
  <option name="JS.GLOBAL_VARIABLE">
    <value>
      <option name="FOREGROUND" value="9876aa" />
      <option name="FONT_TYPE" value="3" />
    </value>
  </option>
  <option name="JS.GLOBAL_FUNCTION">
    <value>
      <option name="FOREGROUND" value="ffc66d" />
    </value>
  </option>
  <option name="JS.INSTANCE_MEMBER_FUNCTION">
    <value>
      <option name="FOREGROUND" value="ffc66d"/>
    </value>
  </option>
  <option name="JavaScript:INJECTED_LANGUAGE_FRAGMENT">
    <value/>
  </option>
  <option name="TS.TYPE_GUARD">
    <value>
      <option name="BACKGROUND" value="223C23" />
    </value>
  </option>
  <option name="TS.TYPE_PARAMETER">
    <value>
      <option name="FOREGROUND" value="507874" />
    </value>
  </option>
</list>
