<?xml version='1.0'?>
<list>
  <option name="JS.LOCAL_VARIABLE">
    <value>
      <option name="FOREGROUND" value="ffffff"/>
    </value>
  </option>
  <option name="JS.PARAMETER">
    <value>
      <option name="EFFECT_COLOR" value="0"/>
      <option name="EFFECT_TYPE" value="1"/>
    </value>
  </option>
  <option name="JS.REGEXP">
    <value>
      <option name="FOREGROUND" value="33ccff"/>
    </value>
  </option>
  <option name="JS.GLOBAL_VARIABLE">
    <value>
      <option name="FOREGROUND" value="ed94ff" />
      <option name="FONT_TYPE" value="3" />
    </value>
  </option>
  <option name="JS.GLOBAL_FUNCTION">
    <value>
      <option name="FONT_TYPE" value="2" />
    </value>
  </option>
  <option name="JS.INSTANCE_MEMBER_FUNCTION">
    <value>
      <option name="FOREGROUND" value="ffcf40"/>
    </value>
  </option>
  <option name="JavaScript:INJECTED_LANGUAGE_FRAGMENT">
    <value/>
  </option>
  <option name="TS.TYPE_GUARD">
    <value>
      <option name="BACKGROUND" value="153811" />
    </value>
  </option>
  <option name="TS.TYPE_PARAMETER">
    <value>
      <option name="FOREGROUND" value="37cccc" />
    </value>
  </option>
</list>
